Brand;Line;Name;Type;Color;Swabbed;Used;Comment;Private Comment;Archived;Usage
Akkerman;"";#05 Shocking Blue;bottle;#263ea5;true;false;"";;false;0
Akkerman;"";#05 Shocking Blue;sample;#263fa5;true;false;"";;false;0
Akkerman;"";#07 KoninginneNachBlauw;sample;#5a709a;true;false;"";;false;0
Akkerman;"";#08 Diep-Duinwaterblauw;sample;#3d5e7a;true;false;"";;false;0
Akkerman;"";#11 Treves Turquoise;sample;#0ebafe;true;false;"";;false;0
Akkerman;"";#13 Simplisties Violet;sample;#55276d;true;false;"";;false;0
Akkerman;"";#16 Oranje Boven;sample;#fd5432;true;false;"";;false;0
Akkerman;"";#18 Garuda Rood;sample;#d42c44;true;false;"";;false;0
Akkerman;"";#19 Rood Haags Pluche;sample;#f01942;true;false;"";;false;0
Akkerman;"";#20 Pulchri Pink;bottle;#f81784;true;true;"";;false;0
Akkerman;"";#22 Hopjesbruin;sample;#e1722a;true;false;"";;false;0
Akkerman;"";#26 Groenmarkt Smaragd;sample;#3f8368;true;false;"";;false;0
Akkerman;"";#28 Hofkwartier Groen;sample;#73dd42;true;false;"";;false;0
Akkerman;"";Gourmet Pens Pink;sample;#e98aa3;true;false;"";"";false;0
Birmingham Pen Company;"";Ebenezer Denny Carmine;sample;#a93e3e;true;false;"";;false;0
Birmingham Pen Company;"";Schenley Casino Cornflower;sample;#2c8cb6;true;false;"";;false;0
Blackstone;"";Barrister Blue;bottle;#202565;true;false;"";;false;0
Blackstone;"";Blue Cypress;bottle;#135f5e;true;false;"";"";false;0
Blackstone;"";Lemur Lime;sample;#8aba4c;true;false;"";"";false;0
Bungubox;"";4B;bottle;#3d4c68;true;false;"";"";false;0
Bungubox;"";Fujiyama Blue;bottle;#23a2c3;true;false;"";"";false;0
Bungubox;"";Ink of the Witch;bottle;#3f274d;true;true;"";"";false;0
Bungubox;"";Sweet Potato Purple;bottle;#a73097;true;false;"";"";false;0
Bungubox;Zodiac;Aries;bottle;#de0f0f;true;false;"";;false;0
Colorverse;"";Alpha Centauri;bottle;#21732b;true;false;"";"";false;0
Colorverse;"";Andromeda;bottle;#b04c83;true;true;"";"";false;1
Colorverse;"";Andromeda Glistening;bottle;#9708a8;true;false;"";"";false;0
Colorverse;"";Anita;bottle;#c5819a;true;false;5 mL bottle;"";false;0
Colorverse;"";Anti-Matter;sample;#8e8d96;true;false;"";;false;0
Colorverse;"";Anti-Matter Glistening;bottle;#7f7e83;true;false;"";;false;0
Colorverse;"";Atlanta (glistening);bottle;#2849e6;true;false;"";"";false;0
Colorverse;"";Black Hole;bottle;#320012;true;false;"";"";false;0
Colorverse;"";Brane;sample;#707531;true;false;"";;false;0
Colorverse;"";Cat;bottle;#2859ad;true;false;"";"";false;0
Colorverse;"";Constellation Ship;bottle;#37857d;true;false;"";"";false;0
Colorverse;"";Crystal Planet;sample;#1499f1;true;false;"";;false;0
Colorverse;"";Crystal Planet Glistening;bottle;#0420d6;true;false;"";"";false;0
Colorverse;"";Dark Energy;sample;#7a2f2b;true;false;"";;false;0
Colorverse;"";Depth;sample;#1a357b;true;false;"";;false;0
Colorverse;"";Einstein Ring;sample;#a22661;true;false;"";;false;0
Colorverse;"";Electron;sample;#b25326;true;false;"";;false;0
Colorverse;"";Extra Dimension;sample;#153268;true;false;"";;false;0
Colorverse;"";Felicette Glistening;sample;#f71919;true;false;"";;false;0
Colorverse;"";Gluon;bottle;#cbc430;true;false;"";"";false;0
Colorverse;"";Gluon;sample;#cac42e;true;false;"";;false;0
Colorverse;"";Gravity Wave;bottle;#077d87;true;true;"";"";false;0
Colorverse;"";Hayabusa Glistening;bottle;#7e23d2;true;false;"";;false;0
Colorverse;"";Hayabusa SE;bottle;#632fa3;true;true;"";;false;0
Colorverse;"";Hubble Zoom;sample;#a06868;true;false;"";;false;0
Colorverse;"";Laurel;sample;#527b61;true;false;"";;false;0
Colorverse;"";Lights on Ceres;bottle;#c03b74;true;false;"";"";false;0
Colorverse;"";Mars Curiosity;sample;#c9413b;true;false;"";;false;0
Colorverse;"";Matter;sample;#969086;true;false;"";;false;0
Colorverse;"";Morning Star;bottle;#1c9dc2;true;false;"";"";false;0
Colorverse;"";Oriole Feather;bottle;#e0530c;true;false;"";"";false;0
Colorverse;"";Photon;sample;#35b7a4;true;false;"";;false;0
Colorverse;"";Proxima B;sample;#474b6c;true;false;"";;false;0
Colorverse;"";Quasar;bottle;#302e98;true;false;"";"";false;0
Colorverse;"";Redshift;bottle;#b52054;true;true;"";"";false;0
Colorverse;"";Saturn V;sample;#3d5f9e;true;false;"";;false;0
Colorverse;"";Schrodinger;bottle;#167c3c;true;false;"";"";false;0
Colorverse;"";Sea Europa;sample;#a56868;true;false;"";;false;0
Colorverse;"";Sea Europa;bottle;#a56868;true;false;"";;false;0
Colorverse;"";Sea of Tranquility;bottle;#73a66c;true;false;"";;false;0
Colorverse;"";Selectron;sample;#b25326;true;false;"";;false;0
Colorverse;"";Skyline;bottle;#df9192;true;false;"";"";false;0
Colorverse;"";Space Laika;sample;#6c5a51;true;false;"";;false;0
Colorverse;"";String;sample;#c8982a;true;false;"";;false;0
Colorverse;"";Sunspot;sample;#1b161c;true;false;"";;false;0
Colorverse;"";Supernova;bottle;#0360cb;true;false;"";"";false;0
Colorverse;"";Vortex Motion;sample;#4d3f41;true;false;"";;false;0
Colorverse;"";Warped Passages;sample;#2e679d;true;false;"";;false;0
Colorverse;"";Warped Passages Glistening;bottle;#2e679d;true;false;"";;false;0
Colorverse;Dromgoole's;NASA Blue;bottle;#6613ea;false;false;"";"";false;0
Colorverse;Dromgoole's;Purple Cosmo;bottle;#690161;false;false;"";"";false;0
Colorverse;First Moon Landing;Apollo 11;bottle;#3c4b9c;true;false;"";;false;0
Colorverse;First Moon Landing;Columbia;bottle;#d26b5d;true;false;"";;false;0
Colorverse;First Moon Landing;Eagle;bottle;#40e0d0;true;false;"";;false;0
Colorverse;First Moon Landing;One Small Step;bottle;#a29688;true;false;"";;false;0
Colorverse;First Moon Landing;Tranquility Base;bottle;#9ab87f;true;false;"";;false;0
Colorverse;Goulet Pens;Hustle;sample;#27a8ad;true;false;"";;false;0
Colorverse;Goulet Pens;Passion;sample;#193ba3;true;false;"";;false;0
Colorverse;Office Series;Permanent Navy;bottle;#40468b;true;false;"";"";false;0
Colorverse;Project;001 Shiny Black (Glistening);bottle;#272626;true;false;"";"";false;0
Colorverse;Season 4 Trailblazers in Space;JFK's Dog Pushinka;bottle;#b19c82;true;false;"";;false;0
Colorverse;Season 4 Trailblazers in Space;Streika;bottle;#20cfdd;true;false;"";;false;0
Colorverse;Season 7;Comet SL9;bottle;"";true;false;"";"";false;0
Colorverse;Season 7;COSTAR;bottle;"";true;false;"";"";false;0
Colorverse;Season 7;Crab Nebula;bottle;#05480f;false;false;"";"";false;0
Colorverse;Season 7;eXtreme Deep Field;bottle;#072a5a;true;false;"";"";false;0
Colorverse;Season 7;Hippocamp;bottle;"";true;false;"";"";false;0
Colorverse;Season 7;Horsehead Nebula;bottle;#c159ac;true;false;Glistening;"";false;0
Colorverse;Season 7;H S T;bottle;#095c4f;true;true;"";"";false;0
Colorverse;Season 7;Hubble;bottle;#da1616;true;false;"";"";false;0
Colorverse;Season 7;Mystic Mountain;bottle;#71bdde;true;false;Glistening;"";false;0
Colorverse;Season 7;NGC 1850;bottle;"";true;false;Glistening;"";false;0
Colorverse;Season 7;Pillars of Creation;bottle;#240e3d;true;true;"";"";false;0
Colorverse;Season 7;SM 1;bottle;"";true;false;"";"";false;0
Colorverse;Special Edition Johannes Kepler;Conjecture;bottle;#a04c4c;true;false;5 mL bottle;"";false;0
Colorverse;Special Edition Johannes Kepler;Planetary Motion;bottle;#3375b1;true;false;5 mL bottle;"";false;0
Colorverse;Special Edition Johannes Kepler;Somnium;bottle;#438e58;true;false;5 mL bottle;"";false;0
Colorverse;Voyager 1;Golden Record;bottle;#e17d3c;true;false;"";"";false;0
Colorverse;Voyager 1;Interstellar Space;bottle;#63776a;true;false;"";"";false;0
Colorverse;Voyager 1;Interstellar Space;sample;#607367;true;false;"";;false;0
Colorverse;Voyager 1;Jupiter Flyby;bottle;#a37373;true;false;"";"";false;0
Colorverse;Voyager 1;Pale Blue Dot;bottle;#118f8a;true;false;"";"";false;0
Colorverse;X Opus 88;Adobe;sample;#dfcb56;true;false;"";;false;0
Colorverse;X Opus 88;Girls Just Wanna;sample;#e5469e;true;false;"";;false;0
Colorverse;X Opus 88;Girls Just Wanna;bottle;#e5469e;true;false;"";;false;0
Colorverse;X Opus 88;Horizon;sample;#1b99d6;true;false;"";;false;0
Colorverse;X Opus 88;Soul;sample;#9a710f;true;false;"";;false;0
Colorverse;X Opus 88;Supernatural;sample;#18bd1e;true;false;"";;false;0
Colorverse;X Opus 88;Tango;sample;#d06042;true;false;"";;false;0
De Atramentis;"";Cherry;sample;#92191d;true;false;"";;false;0
De Atramentis;"";Pigeon Blue;sample;#1b8b9c;true;false;"";;false;0
De Atramentis;"";Plum;sample;#28557b;true;false;"";;false;0
De Atramentis;"";Sapphire Blue;sample;#3d228e;true;false;"";;false;0
Delta;"";20th Anniversary Limited Edition Ink;bottle;#ffed00;true;false;"";"";false;0
Diamine;"";Amazing Amethyst;sample;#452b77;true;false;"";;false;0
Diamine;"";Apple Glory;sample;#23c644;true;false;"";;false;0
Diamine;"";Aurora Borealis;bottle;#247a72;false;false;"";"";false;0
Diamine;"";Bilberry;sample;#542192;true;false;"";"";false;0
Diamine;"";Blue Lightning;sample;#39a1ef;true;false;"";;false;0
Diamine;"";Blue Pearl;sample;#0a4bb5;true;false;"";;false;0
Diamine;"";Brandy Dazzle;sample;#c46146;true;false;"";;false;0
Diamine;"";Calligraphy Passion;bottle;#a8e92f;true;true;"";;false;0
Diamine;"";Earl Grey;sample;#737c91;true;false;"";;false;0
Diamine;"";Earl Grey;bottle;#747c8f;true;true;"";;false;0
Diamine;"";Golden Ivy;bottle;#206528;true;false;"";;false;0
Diamine;"";Golden Sands;sample;#f6cc55;true;false;"";;false;0
Diamine;"";Grape;sample;#66276c;true;false;"";;false;0
Diamine;"";Green Umber;bottle;#76703d;false;false;"";"";false;0
Diamine;"";Jalur Gemilang;bottle;#283790;true;false;"";;false;0
Diamine;"";Lavender;bottle;#7630a7;true;false;"";;false;0
Diamine;"";Magical Forest;sample;#11bb30;true;false;"";;false;0
Diamine;"";Marine;bottle;#1797a0;true;true;"";;false;0
Diamine;"";Monboddo's Hat;bottle;#410e6d;false;false;"";"";false;0
Diamine;"";Night Sky;sample;#6b6d73;true;false;"";;false;0
Diamine;"";November Rain;bottle;#105038;true;true;"";;false;0
Diamine;"";Oxblood;bottle;#9d201e;false;false;"";"";false;0
Diamine;"";Purple Pazzazz;sample;#60406e;true;false;"";;false;0
Diamine;"";Red Dragon;sample;#8f0d17;true;false;"";"";false;0
Diamine;"";Red Lustre;sample;#c53142;true;false;"";;false;0
Diamine;"";Scribble Purple;bottle;#601587;false;false;"";"";false;0
Diamine;"";Sherwood Green;sample;#0f4f26;true;false;"";;false;0
Diamine;"";Shimmering Seas;sample;#445585;true;false;"";;false;0
Diamine;"";Skull & Roses;bottle;#1947ad;true;true;"";;false;0
Diamine;"";Smoke on the Water;sample;#10563b;true;false;"";"";false;0
Diamine;"";Soft Mint;bottle;#30dabe;false;false;"";"";false;0
Diamine;"";Sparkling Shadows;sample;#7a7e7f;true;false;"";;false;0
Diamine;"";Spearmint Diva;bottle;#02bbab;true;true;"";;false;0
Diamine;"";Wild Strawberry;sample;#e73d35;true;false;"";;false;0
Diamine;"";Writer's Blood;bottle;#591720;false;false;"";"";false;0
Diamine;Archival Registrar's Ink;Blue-Black;bottle;#23334f;true;false;"";;false;0
Diamine;Cult Pens;Christine;bottle;#163743;false;false;"";"";false;0
Diamine;Cult Pens;Deep Dark Orange;bottle;#d24c2d;false;false;"";"";false;0
Diamine;Cult Pens;Deep Dark Purple;bottle;#542552;false;false;"";"";false;0
Diamine;Cult Pens;Herbert;bottle;#352776;false;false;"";"";false;0
Diamine;Cult Pens;Maureen;bottle;#21246d;false;false;"";"";false;0
Diamine;Cult Pens;Philip;bottle;#4e1c6c;false;false;"";"";false;0
Diamine;Cult Pens;Robert;bottle;#7b1a3c;false;false;"";"";false;0
Diamine;Flowers;Pansy;bottle;#642777;false;false;"";"";false;0
Diamine;Guitar;Cherry Sunburst;bottle;#b96251;false;false;"";"";false;0
Diamine;Guitar;Honey Burst;bottle;#f1b12d;false;false;"";"";false;0
Diamine;Guitar;Pelham Blue;bottle;#415b93;false;false;"";"";false;0
Diamine;Guitar;Tobacco Sunburst;bottle;#ae871d;false;false;"";"";false;0
Diamine;Inkvent 2019;Blue Peppermint;bottle;#45abc3;true;false;7 mL and 60 mL bottles;"";false;0
Diamine;Inkvent 2019;Candy Cane;bottle;#c93444;true;false;"";;false;0
Diamine;Inkvent 2019;Elf;bottle;#318056;true;false;"";;false;0
Diamine;Inkvent 2019;Festive Cheer;bottle;#49319b;true;false;"";;false;0
Diamine;Inkvent 2019;Fire Ember;bottle;#d05643;true;false;"";;false;0
Diamine;Inkvent 2019;Gingerbread;bottle;#974f31;true;false;"";;false;0
Diamine;Inkvent 2019;Gold Star;bottle;#d9b349;true;false;7 mL and 60 mL bottles;"";false;0
Diamine;Inkvent 2019;Happy Holidays;bottle;#3b2590;true;false;"";;false;0
Diamine;Inkvent 2019;Ho Ho Ho;bottle;#d04340;true;false;"";;false;0
Diamine;Inkvent 2019;Holly;bottle;#2f4432;true;false;"";;false;0
Diamine;Inkvent 2019;Jack Frost;bottle;#32419f;true;false;"";;false;0
Diamine;Inkvent 2019;Midnight Hour;bottle;#141f64;true;false;"";;false;0
Diamine;Inkvent 2019;Mistletoe;bottle;#4d5f44;true;false;"";;false;0
Diamine;Inkvent 2019;Mulled Wine;bottle;#8c2e44;true;false;"";;false;0
Diamine;Inkvent 2019;Noel;bottle;#874140;true;false;"";;false;0
Diamine;Inkvent 2019;Nutcracker;bottle;#714137;true;false;"";;false;0
Diamine;Inkvent 2019;Poinsettia;bottle;#9e2a34;true;false;"";;false;0
Diamine;Inkvent 2019;Polar Glow;bottle;#4040a2;true;false;"";;false;0
Diamine;Inkvent 2019;Purple Bow;bottle;#482666;true;false;"";;false;0
Diamine;Inkvent 2019;Roasted Chestnut;bottle;#934239;true;false;"";;false;0
Diamine;Inkvent 2019;Season's Greetings;bottle;#3d3642;true;false;"";;false;0
Diamine;Inkvent 2019;Snow Storm;bottle;#77728c;true;false;7 mL and 60 mL bottles;"";false;0
Diamine;Inkvent 2019;Solstice;bottle;#3a3334;true;false;"";;false;0
Diamine;Inkvent 2019;Triple Chocolate;bottle;#724c44;true;false;"";;false;0
Diamine;Inkvent 2019;Winter Miracle;bottle;#492e6d;true;false;"";;false;0
Diamine;Music;Bach;bottle;#591c0f;false;false;"";"";false;0
Diamine;Music;Chopin;bottle;#40415c;false;false;"";"";false;0
Diamine;Music;Handel;bottle;#724a60;false;false;"";"";false;0
Dream Ink;"";Beauty Beneath the Moon;sample;"";true;false;"";"";false;0
Dream Ink;"";Mermaid;sample;#884fc2;true;false;"";"";false;0
Ferris Wheel Press;"";Lady Rose;sample;#df82c3;true;false;"";"";false;0
Franklin-Christoph;"";Emerald 357;sample;#11ab92;true;false;"";;false;0
Franklin-Christoph;"";Honeycomb;bottle;#88710f;true;false;"";;false;0
Graf von Faber-Castell;"";Garnet Red;sample;#af1b22;true;false;"";;false;0
Graf von Faber-Castell;"";Hazelnut Brown;sample;#652f24;true;false;"";;false;0
Graf von Faber-Castell;"";Moss Green;sample;#25603f;true;false;"";;false;0
Hachimonjiya;"";Jellyfish Aquarium;bottle;#06b1c3;true;true;"";"";false;0
Ink Institute;"";Jade Vine;bottle;#3ebbc5;true;false;"";"";false;0
Ink Stand;"";Custom Color by Arielle;bottle;"";true;false;"";;false;0
Ink Stand;"";Custom Color by Brandon;bottle;"";true;false;"";;false;0
Jacques Herbin;"";Ambre de Baltique;sample;#e99e16;true;false;"";;false;0
Jacques Herbin;"";Bleu austral;sample;#33879e;true;false;"";;false;0
Jacques Herbin;"";Bleu de Minuit;sample;#1d38cd;true;false;"";;false;0
Jacques Herbin;"";Gris de houle;sample;#a9a9b5;true;false;"";;false;0
Jacques Herbin;"";Noir Abyssal;sample;#353535;true;false;"";;false;0
Jacques Herbin;"";Orange Soleil;sample;#f9a206;true;false;"";;false;0
Jacques Herbin;"";Rouge d'Orient;sample;#ce3150;true;false;"";;false;0
Jacques Herbin;"";Terre d'ombre;sample;#ad4c03;true;false;"";;false;0
Jacques Herbin;"";Vert Amazone;sample;#07b515;true;false;"";;false;0
Jacques Herbin;"";Violet boréal;sample;#8c59cb;true;false;"";;false;0
J. Herbin;"";Cacao du Bresil;bottle;#988758;true;false;"";;false;0
J. Herbin;"";Eclat de Saphir;sample;#4549cd;true;false;"";;false;0
J. Herbin;"";Vert Atlantide;bottle;#226039;true;false;"";"";false;0
J. Herbin;1670;Emerald of Chivor;bottle;#2a7d8c;true;false;"";;false;0
J. Herbin;1670;Rouge Hematite;sample;#d24633;true;false;"";;false;0
J. Herbin;1798;Amethyst de l’Oural;sample;#7946a4;true;false;"";;false;0
Kala;Nostalgia / Abstraction;Bermuda Mistery;bottle;#89788a;true;false;"";"";false;0
Kala Ink;"";Mongolian Sandstorm;sample;#8587a0;true;false;"";"";false;0
Kala Ink;Nostalgia / Tribute to Neon;Boogie;bottle;#c22eb0;true;false;"";"";false;0
Kala Ink;Nostalgia / Tribute to Neon;Dude;bottle;#33a2d7;true;false;"";"";false;0
Kala Ink;Nostalgia / Tribute to Neon;Joy;bottle;#fa8c28;true;false;"";"";false;0
Kingdom Note;"";Kintoki Ninjin (Carrot);bottle;"";true;true;"";;false;0
Kingdom Note;Sea Slug;Glaucus atlanticus;bottle;"";true;true;"";;false;0
Kingdom Note;Sea Slug;Hypselodoris apolegma;bottle;#cdb8e9;true;true;"";;false;0
Kobe;"";Harbor Sky;bottle;#26aee4;true;false;"";;false;0
Kobe;"";Sannomiya Panse;bottle;#540b90;true;true;"";"";false;0
Krishna;"";Christmas Eve;bottle;#2515da;true;false;"";;false;0
Krishna;"";Moonview;bottle;#252ee2;true;false;"";;false;0
KWZ;"";Discovery Green;bottle;#2d4a2d;true;false;"";"";false;0
KWZ;"";Hawaii Blue;bottle;#0c65d8;true;false;"";;false;0
KWZ;"";Sheen Machine;bottle;#030a64;true;true;"";;false;0
Kyo-Iro;"";Cherry Blossom of Keage;bottle;#d26ba4;true;false;"";;false;0
kyo-no-oto;"";09 Keshimurasaki;bottle;#a7a8bc;true;false;"";"";false;0
Kyo-no-oto;"";01 Nurebairo;bottle;#0e0d0f;true;false;"";;false;0
Kyo-no-oto;"";07 Hisoku;bottle;#50989c;true;true;"";;false;1
Kyo-no-oto;"";09 Sakuranezumi;bottle;#60475f;true;false;"";"";false;0
Kyo-No-Oto;"";08 Urahairo;bottle;#98bd94;true;false;"";"";false;0
Lamy;"";Dark Lilac;sample;#55228f;false;false;"";"";false;0
Lamy;"";Petrol;bottle;#253839;true;false;"";;false;0
Lamy;"";Turmaline;bottle;#13a2a7;true;false;"";;false;0
Lamy;"";Vibrant Pink;sample;#ef2298;true;false;"";;false;0
Lamy;Crystal;Azurite;bottle;#391791;true;false;"";;false;0
Montblanc;"";Homage to Hadrian;bottle;#8b3931;true;false;"";;false;0
Montblanc;"";James Purdey & Sons Single Malt;bottle;#9a4c14;true;false;"";;false;0
Montblanc;"";Le Petit Prince Red Fox;bottle;#ec853d;true;true;"";;false;0
Montblanc;"";Lucky Orange;bottle;#f05624;true;false;"";;false;0
Montblanc;"";The Beatles Psychedelic Purple;bottle;#6f2aeb;true;true;"";;false;1
Monteverde;"";Fire Opal;sample;#c04a0c;true;false;"";;false;0
Monteverde;"";Malibu Blue;bottle;#4d64ef;true;false;"";;false;0
Monteverde;"";Tanzanite;bottle;#7744ef;true;false;"";;false;0
Monteverde;"";Yosemite Green;sample;#406c22;true;false;"";;false;0
Monteverde;Noir Collection;Azure Noir;bottle;#595667;true;false;"";;false;0
Monteverde;Noir Collection;Coal Noir;bottle;#5f5f5f;true;false;"";;false;0
Monteverde;Noir Collection;Copper Noir;bottle;#bd8226;true;false;"";;false;0
Monteverde;Noir Collection;Jade Noir;bottle;#35673d;true;false;"";;false;0
Monteverde;Noir Collection;Mercury Noir;bottle;#8c371c;true;false;"";;false;0
Monteverde;Noir Collection;Mulberry Noir;bottle;#a310ea;true;false;"";;false;0
Monteverde;Noir Collection;Ocean Noir;sample;#211a87;true;false;"";;false;0
Monteverde;Noir Collection;Ocean Noir;bottle;#1e1885;true;false;"";;false;0
Monteverde;Noir Collection;Raven Noir;bottle;#3e3736;true;false;"";;false;0
Monteverde;Noir Collection;Rose Noir;bottle;#872d84;true;false;"";;false;0
Monteverde;Noir Collection;Smoke Noir;bottle;#625f5f;true;false;"";;false;0
Noodler's;"";Gruene Cactus;sample;#17ab2b;true;false;"";;false;0
Noodler's;"";Purple Mountain Majesties;sample;#663cb6;true;false;"";;false;0
Noodler's;"";Rome Burning;sample;#a4893c;true;false;"";;false;0
Organics Studio;"";Alanine Aqua Shimmer;bottle;#36c8dc;true;false;"";;false;0
Organics Studio;"";Eggplant Shimmer;bottle;#7300d4;true;false;"";;false;0
Organics Studio;"";Glycine Blue Shimmer;bottle;#0a0492;true;false;"";;false;0
Organics Studio;"";Henry David Thoreau Walden Pond Blue;sample;#174f4a;true;false;"";;false;0
Organics Studio;"";Jazz Hands Gray Shimmer;bottle;#414141;true;false;"";;false;0
Organics Studio;"";Nitrogen Blue;sample;#134677;true;false;"";;false;0
Organics Studio;"";Nitrogen Royal Blue;bottle;#283790;true;false;"";;false;0
Organics Studio;"";Unicorn Blood Shimmer;bottle;#e613be;true;false;"";;false;0
Papier Plume;"";011;bottle;#e44810;true;false;"";;false;0
Papier Plume;"";Ink No. 13;bottle;#06606f;true;false;"";"";false;0
Pelikan;Edelstein;Jade;bottle;#19ae89;false;false;"";"";false;0
Pelikan;Edelstein;Jade;sample;#14a88a;true;false;"";;false;0
Pelikan;Edelstein;Olivine 2018;bottle;#3f6c34;true;true;"";;false;0
Pelikan;Edelstein;Smoky Quartz 2017;bottle;#8a6059;true;false;"";;false;0
Pelikan;Edelstein;Star Ruby 2019;bottle;#d41f73;true;false;"";;false;0
Pelikan;Edelstein;Tanzanite;sample;#425581;true;false;"";;false;0
Pelikan;Edelstein;Topaz;sample;#126ebe;true;false;"";;false;0
Pelle Penna;Jentle;Piume Pavone;bottle;"";true;false;"";;false;0
PenBBS;"";#313 Danjo;bottle;"";true;false;"";"";false;0
Pen + Message;Jentle;Cigar;bottle;#5f6137;true;true;"";;false;0
Pilot;100th Anniversary;Hotei-son;bottle;#004f32;true;false;"";;false;0
Pilot;100th Anniversary;Juro-jin;bottle;#a367f8;true;false;"";;false;0
Pilot;Iroshizuku;Ama-Iro;bottle;#3b9ed5;true;true;"";;false;0
Pilot;Iroshizuku;Kiri-Same;bottle;#978c8d;true;true;"";;false;0
Pilot;Iroshizuku;Kon-peki;bottle;#1276de;true;true;"";;false;0
Pilot;Iroshizuku;Ku-jaku;bottle;#1b8697;true;true;"";"";false;0
Pilot;Iroshizuku;Ku-jaku;sample;#148394;true;false;"";;false;0
Pilot;Iroshizuku;Momiji;bottle;#ec2c5d;true;true;"";;false;0
Pilot;Iroshizuku;Shin-Ryoku;bottle;#267338;true;true;"";;false;2
Pilot;Iroshizuku;Syo-ro;bottle;#2b7979;true;false;"";"";false;0
Pilot;Iroshizuku;Tsutsuji;bottle;#e02e97;true;true;"";;false;0
Pure Pens;"";Cadwaladr;sample;#af090e;true;false;"";;false;0
Pure Pens;"";Celtic Sea;sample;#438be7;true;false;"";;false;0
Pure Pens;"";Cwm Idwal;sample;#128165;true;false;"";;false;0
Pure Pens;"";Flower of Scotland;sample;#651f97;true;false;"";;false;0
Pure Pens;"";Glens of Antrim;sample;#289319;true;false;"";;false;0
Pure Pens;"";Llanberis;sample;#807d7f;true;false;"";;false;0
Pure Pens;"";Pendine Sands;sample;#d09a10;true;false;"";;false;0
Pure Pens;"";Porthcurno;sample;#26b2df;true;false;"";;false;0
Pure Pens;"";Saltire Blue;sample;#0a52f1;true;false;"";;false;0
Robert Osper;"";Black 'N' Blue;sample;#335431;true;false;"";;false;0
Robert Oster;"";Blue Moon;sample;#23a7d0;true;false;"";;false;0
Robert Oster;"";Bondi Blue;sample;#0082c0;true;false;"";;false;0
Robert Oster;"";Carolina Blue;sample;#185bb3;true;false;"";"";false;0
Robert Oster;"";Fire and Ice;bottle;#1190b5;true;true;"";;false;0
Robert Oster;"";Melon Tea;bottle;#6c6342;true;false;"";;false;0
Robert Oster;"";Rose Gilt Tynte;bottle;#d7afbd;true;true;"";;false;0
Robert Oster;"";Rose Gilt Tynte;sample;#d7afbd;true;false;"";;false;0
Robert Oster;"";Summer Storm;bottle;#69658a;true;false;"";;false;0
Sailor;"";2020 Pen Show Exclusive;bottle;#3b857f;true;false;"";"";false;0
Sailor;"";2021 Pen Show Exclusive;bottle;#3732b9;true;false;"";"";false;0
Sailor;"";Sei-Boku;bottle;#23306b;true;true;"";;false;1
Sailor;50 States;Pennsylvania;bottle;#586f92;false;false;"";"";false;0
Sailor;50 States;Texas;bottle;#654321;false;false;"";"";false;0
Sailor;50 States;Virgina;bottle;#be313e;false;false;"";"";false;0
Sailor;Disney Princess;Apple Red;bottle;"";true;false;"";;false;0
Sailor;Disney Princess;Belle Yellow;bottle;"";true;false;"";;false;0
Sailor;Disney Princess;Crystal Blue;bottle;"";true;false;"";;false;0
Sailor;Disney Princess;Fairy Pink;bottle;"";true;false;"";;false;0
Sailor;Disney Princess;Magic Purple;bottle;#7900ff;true;false;"";;false;0
Sailor;Disney Princess;Night Blue;bottle;#0e3d92;true;false;"";;false;0
Sailor;Disney Princess;Ocean Green;bottle;"";true;false;"";;false;0
Sailor;Disney Princess;Romance Brown;bottle;"";true;false;"";;false;0
Sailor;Ink Studio;123;bottle;#8e8e9b;true;false;"";;false;0
Sailor;Ink Studio;143;bottle;#4877d5;true;false;"";;false;0
Sailor;Ink Studio;150;bottle;#956ca2;true;false;"";;false;0
Sailor;Ink Studio;162;bottle;#708887;true;false;"";;false;0
Sailor;Ink Studio;173;bottle;#f39e61;true;false;"";;false;0
Sailor;Ink Studio;223;bottle;#6b6b74;true;true;"";;false;0
Sailor;Ink Studio;224;bottle;#8b96a0;false;false;"";"";false;0
Sailor;Ink Studio;241;bottle;#4e9ab0;true;false;"";;false;0
Sailor;Ink Studio;243;bottle;#426b9a;false;false;"";"";false;0
Sailor;Ink Studio;252;bottle;#836183;true;false;"";"";false;0
Sailor;Ink Studio;264;bottle;#4fa498;true;false;"";"";false;0
Sailor;Ink Studio;280;bottle;#9d9468;false;false;"";"";false;0
Sailor;Ink Studio;370;bottle;#4e5833;true;false;"";;false;0
Sailor;Ink Studio;460;bottle;#169c47;false;false;"";"";false;0
Sailor;Ink Studio;464;bottle;#008c69;true;true;"";;false;0
Sailor;Ink Studio;473;bottle;#ff7629;false;false;"";"";false;0
Sailor;Ink Studio;735;bottle;#5e2975;true;false;"";;false;0
Sailor;Ink Studio;741;bottle;#0280d4;true;false;"";;false;0
Sailor;Ink Studio;950;bottle;#352255;true;false;"";;false;0
Sailor;Jentle;Epinard;sample;#3a782c;true;false;10 mL Sample;"";false;0
Sailor;Jentle;Fuji-Musume;bottle;#bc6dde;true;true;"";"";false;0
Sailor;Jentle;Fuji-Musume;sample;#bc6dde;true;false;"";;false;0
Sailor;Jentle;Sky High;bottle;#1261bd;true;true;"";;false;0
Sailor;Jentle;Waka-Uguisu;bottle;#6c8a2e;true;false;"";;false;0
Sailor;Manyo;Haha;bottle;#a2d3d1;true;false;"";;false;0
Sailor;Manyo;Nadeshiko;bottle;#6c86cb;false;false;"";"";false;0
Sailor;Manyo;Nekoyanagi;bottle;#b482e7;true;false;"";"";false;0
Sailor;Manyo;Sakura;bottle;#f19191;false;false;"";"";false;0
Sailor;Shikiori;Yama-Dori;bottle;#297d73;false;false;"";"";false;0
Sailor;Shikori;Rikyu-Cha;bottle;#4a623e;true;false;"";;false;0
Sankodo;Nagoya;Meiki Blue Gray;bottle;#306b6b;true;false;"";;false;0
Scheaffer;Skrip;Washable Black;bottle;#161414;true;false;"";;false;0
Sheaffer;Skrip;Peacock Blue;sample;#1be6f2;true;false;"";"";false;0
Taccia;"";Aoguro Blue-Black;bottle;#120c2d;true;false;"";;false;0
Taccia;"";Uguisu Olive Green;bottle;#79932b;false;false;"";"";false;0
Taccia;Hokusai;Sabimidori;bottle;#19787f;true;false;"";;false;0
Teavana;"";Uji Gyokuro;bottle;"";true;false;"";;false;0
Tokyo Station Pens;"";Doumyouji;bottle;#dcc780;true;false;"";"";false;0
Tokyo Station Pens;"";Kibou;bottle;"";false;false;"";"";false;0
Tokyo Station Pens;"";Kizuna;bottle;"";false;false;"";"";false;0
Tokyo Station Pens;"";Setsuna;bottle;"";false;false;"";"";false;0
Tokyo Station Pens;"";Shuuzen;bottle;"";false;false;"";"";false;0
Tono & Lims;"";antares;bottle;#eb21b3;true;false;"";"";false;0
Tono & Lims;"";Blue Raspberry Tapioca;bottle;#53c7e9;true;false;"";"";false;0
Tono & Lims;"";NOAH87;bottle;#317ee8;false;false;"";"";false;0
Tono & Lims;"";Phosphophyllite;bottle;#589f8b;true;false;"";;false;0
Tono & Lims;"";regulus;bottle;#37b8ad;true;false;"";;false;0
Troublemaker;"";Abalone;bottle;#6162a3;true;false;"";;false;0
Troublemaker;"";Doña Victorina;bottle;#6543a3;true;false;"";;false;0
Troublemaker;"";Foxglove;bottle;#570aaf;true;false;"";;false;0
Troublemaker;"";Hanging Rice;bottle;#496d13;false;false;"";"";false;0
Troublemaker;"";Kelp Tea;bottle;#918668;true;false;"";;false;0
Troublemaker;"";Milky Ocean;bottle;#79b3ed;true;false;"";;false;0
Troublemaker;"";Petrichor;bottle;#8e8c9d;true;false;"";;false;0
Troublemaker;"";Sea Glass;bottle;#669258;true;false;"";;false;0
TWSBI;"";Blue-Black;bottle;#2f3663;true;false;"";;false;0
TWSBI;"";Emerald Green;bottle;#000000;true;false;"";;false;0
TWSBI;"";Orange;bottle;#7d4503;true;false;"";;false;0
TWSBI;"";Pink;bottle;#ffa69d;true;false;"";;false;0
TWSBI;"";Prairie Green;bottle;#77ce0f;true;false;"";;false;0
TWSBI;"";Royal Purple;bottle;#000000;true;false;"";;false;0
TWSBI;"";Sky Blue;bottle;#0a98f1;true;false;"";;false;0
Vinta;"";Andrada Teal;bottle;#126e4c;true;false;"";;false;0
Vinta;"";Cosmic Blue Kosmos 1955;bottle;#083dd0;true;false;"";;false;0
Vinta;"";Maskara Violet;bottle;#876ead;true;true;"";;false;0
Vinta Inks;"";Mermaid Green Sirena 1952;sample;#a3ccb7;true;false;"";"";false;0
Waterman;"";Serenity Blue;bottle;#344bd5;false;false;"";"";false;0
